"","residuals"
"1",-0.000422762219719423
"2",-0.0316840149393407
"3",-0.004551494341115
"4",0.038668876708491
"5",0.03552879648135
"6",0.032283252078033
"7",-0.0130945941022948
"8",0.0137504034389568
"9",-0.118438399391289
"10",-0.0859437321436035
"11",-0.0120978415498818
"12",-0.0353259473175393
"13",-0.0386843499245206
"14",-0.0759087322699348
"15",-0.0726142064740896
"16",-0.155611792050237
"17",-0.00602029705235831
"18",-0.127852855304479
"19",0.0337866052321573
"20",-0.0668969902715538
"21",-0.0339226456816481
"22",0.00189652979555476
"23",0.0236029475330385
"24",0.0210391897397666
"25",-0.0359536060308899
"26",0.0121015457602631
"27",0.0387509033476767
"28",0.0769383657830259
"29",0.0605236674124165
"30",0.0396429744099403
"31",0.0245015959321311
"32",-0.0511719748399249
"33",0.11211752863141
"34",0.0304454314161914
"35",-0.0409228957159976
"36",-0.15369876684241
"37",-0.0209156877048753
"38",0.018661824372039
"39",0.0436169372964441
"40",0.029505163119584
"41",-0.0837645469150183
"42",0.0189179891578354
"43",0.0368736361656551
"44",-0.00525968303310943
"45",-0.0263031682954321
"46",-0.129153771904951
"47",-0.126585671329356
"48",-0.00446460819178764
"49",-0.0879368480708013
"50",-0.125270789091581
"51",-0.0431242646274228
"52",-0.112457490947029
"53",-0.00700567235182834
"54",0.0112581097864991
"55",0.0826302613986767
"56",0.114641572936623
"57",0.0111047637079951
"58",0.121563600439855
"59",0.0252445451299601
"60",0.102396527181049
"61",0.0381575366812396
"62",0.0330356847499273
"63",-0.0809820819023756
"64",0.0955997960442145
"65",-0.0679850546457569
"66",-0.131163919552495
"67",0.109603613259456
"68",0.099797760727089
"69",-0.008543161219296
"70",0.0057169770916159
"71",0.131969873747399
"72",0.0984949277982781
"73",-0.074516311373672
"74",0.0835626713852202
"75",0.0195647429483642
"76",0.0115355838670709
"77",-0.018819707311979
"78",0.126166933365831
"79",0.152047173631254
"80",0.0541074445533965
"81",0.0318422225061227
"82",0.040003083346966
"83",-0.00172539699621752
"84",0.0706119687789978
"85",0.0185534076559549
"86",0.0350615009755431
"87",-0.0509112637501387
"88",-0.038826174877589
"89",0.178029238978606
"90",0.0732782897882724
"91",0.0374351914101713
"92",0.0491096322323992
"93",0.0598893203345589
"94",0.0282316263412502
"95",0.104892793553293
"96",0.0481876788508396
"97",0.159874168693175
"98",-0.111013239500427
"99",-0.0336702698873414
"100",-0.0793189772331522
"101",-0.0462217739002653
"102",-0.0534330439323626
"103",0.0473332692165485
"104",-0.0615989511357031
"105",0.0599640767271292
"106",-0.144641860121687
"107",0.0565685880821194
"108",-0.141908436917125
"109",-0.000345415495460581
"110",-0.000153617633139384
"111",0.0589433131189988
"112",0.034471203665154
"113",-0.0585216453219371
"114",-0.0898659188692332
"115",-0.0545161591367649
"116",-0.0311025422975251
"117",-0.0811858562009717
"118",0.047607567607758
"119",0.0806248076009951
"120",0.0990338565886508
"121",-0.132159864343247
"122",0.0195435435833352
"123",-0.0532312112523112
"124",-0.0673220445443519
"125",0.0322786770659021
"126",-0.0954655994161737
"127",0.0215862283001039
"128",0.0568978167352304
"129",0.0119092334789568
"130",0.00812614324049303
"131",-0.0474247970194549
"132",0.0559440398578892
"133",-0.0346400705150028
"134",0.027229771196897
"135",0.014493054586999
"136",-0.112659363847002
"137",-0.085373649031919
"138",0.00347293737134354
"139",-0.141865815293442
"140",0.0401255830741542
"141",-0.0363936404226571
"142",-0.0717723226668698
"143",0.0232828091746756
"144",-0.019168058148301
"145",-0.111177162266657
"146",-0.0473983517113959
"147",0.0169180575967628
"148",0.0285608460757049
"149",0.0376984082810606
"150",-0.037664364371643
"151",0.0737370865427413
"152",-0.165856064689644
"153",0.12969613056303
"154",-0.0634904035674277
"155",0.0374364138886481
"156",0.0834054325616384
"157",0.0596124783803349
"158",-0.027858131600344
"159",0.132589082713241
"160",0.148715173290523
"161",0.0937547202469899
"162",-0.17320349703322
"163",-0.00695045306183047
"164",-0.0816397100964143
"165",0.029393764259352
"166",-0.0533123394316399
"167",-0.0112478319535748
"168",-0.167333793726059
"169",0.0350149668367558
"170",0.0798682471466153
"171",0.0669936380364019
"172",-0.00985506133633091
"173",0.0577315781004773
"174",-0.0316118265332509
"175",-0.00936673525289911
"176",-0.000312335792913082
"177",-0.0701771158197665
"178",0.0440758564805282
"179",-0.0753662066342711
"180",-0.0638805868738565
"181",0.131902215642944
"182",-0.0158994411121819
"183",0.0168552076524744
"184",0.0638090149224111
"185",0.104237511596802
"186",0.00186819993566322
"187",0.0300663728906555
"188",-0.185892158893342
"189",-0.0934899909912612
"190",0.0261495617996789
"191",-0.000733773818531546
"192",-0.0794925755686308
"193",-0.00463579230722569
"194",0.108538879928072
"195",0.0108733448214563
"196",0.0627900354740187
"197",0.0437913670937285
"198",0.15141251813178
"199",0.0702012046702327
"200",0.0671052690047059
"201",-0.0679508640561072
"202",0.0894624683147221
"203",0.0316202402505477
"204",0.0341259834074474
"205",-0.0423952031177605
"206",0.108777846194786
"207",0.0188564801149112
"208",0.0200831751393921
"209",0.0515594963712197
"210",0.123920022259395
"211",-0.104810395528343
"212",0.046052581546953
"213",-0.02284469711426
"214",0.0126261782019344
"215",-0.112003041371214
"216",-0.0081114537465211
"217",0.0902079409460693
"218",-0.107804321627564
"219",-0.0413402107988289
"220",-0.0267280697425159
"221",-0.116245770558544
"222",0.0341487023115482
"223",-0.0191460369707404
"224",0.0791244552136414
"225",-0.107007298520288
"226",0.0372192403869954
"227",-0.0349737592477781
"228",0.0619391501932617
"229",0.0441134273403998
"230",0.0186042943524017
"231",0.0340025917414743
"232",0.103331867189973
"233",0.0492532406393892
"234",0.0730361407268852
"235",-0.0609952458537876
"236",0.0362433332843064
"237",0.00528359088952001
"238",0.0477977149918363
"239",-0.0614340436799357
"240",0.00644488653424448
"241",-0.0724314198671967
"242",0.072334239717482
"243",-0.019428281214488
"244",-0.0780143660475216
"245",0.0189568128733474
"246",0.0194049389747703
"247",0.0147004802575839
"248",-0.0751065116515714
"249",-0.0110029761107301
"250",-0.173696021137128
"251",-0.00193108825152803
"252",0.00101695755168246
"253",0.00806353905572125
"254",-0.0353780995369924
"255",0.00247033536291899
"256",0.0958236563746578
"257",-0.0615522333211903
"258",-0.136009617813914
"259",-0.110797043096281
"260",-0.0717799527569961
"261",0.117029194950641
"262",0.0206715448447666
"263",-0.0400284319712923
"264",0.0698104358123427
"265",0.0774168698010984
"266",-0.0274899234706841
"267",-0.0125426582257954
"268",-0.0364671293904704
"269",-0.0743399737258392
"270",0.0537786987009654
"271",-0.0235793242632981
"272",-0.0968970757287963
"273",-0.0743700819075997
"274",-0.0918581619279117
"275",0.081632818400292
"276",0.00813968751232936
"277",-0.00724150894044127
"278",-0.120673859333178
"279",0.00385511695274459
"280",-0.00326740424744305
"281",0.146749120575104
"282",0.0522528229804289
"283",-0.0328123143971815
"284",-0.10964436735231
"285",-0.0536578215207773
"286",0.0438069548536617
"287",0.0457120371702401
"288",0.0667203269434095
"289",0.0294237825469759
"290",0.0229895440421165
"291",-0.088219633143466
"292",0.00993567621762542
"293",-0.0660262024072479
"294",-0.0931897485027296
"295",-0.0173969881581972
"296",0.11896061049918
"297",0.115990015564676
"298",0.243758555239721
"299",0.0641773126148699
"300",-0.0327919174129788
"301",-0.0234822275560779
"302",-0.00769000729861767
"303",0.0213779272924312
"304",0.0945410170569741
"305",-0.116088594141178
"306",-0.0365224169856423
"307",0.0133343739800937
"308",-0.00888237313093042
"309",0.010549423695262
"310",0.132619548792379
"311",0.0509591990956859
"312",-0.0449595504586438
"313",0.16303204864154
"314",-0.0461371952122184
"315",-0.0468694490823528
"316",-0.0557377374546861
"317",-0.0328863465583552
"318",-0.0607868956430239
"319",-0.0455349209507417
"320",0.0353845396659142
"321",0.0816569368658838
"322",0.235682875823311
"323",-0.0173536290378881
"324",0.0704200856496178
"325",0.248541399647292
"326",0.0731079920130319
"327",0.170549941986418
"328",0.0587542705684549
"329",0.10459183434638
"330",-0.185308154782574
"331",-0.00696818311605425
"332",-0.0679871650982632
"333",0.120961354589297
"334",0.0873332651514719
"335",0.101928845427983
"336",-0.0140598551730159
"337",0.110406406629731
"338",0.0517503543604773
"339",0.137226663056649
"340",-0.0458267598339745
"341",0.0196198680649738
"342",-0.129544904644167
"343",0.0783366074307807
"344",-0.0065329246031931
"345",0.0238943533823565
"346",-0.0297179699210743
"347",0.220274536876307
"348",0.0940362571719609
"349",0.00333085877167545
"350",0.00413393800210709
"351",-0.0998755509695504
"352",0.0117537996739695
"353",0.162425655210372
"354",-0.0178066699501026
"355",0.154538178482467
"356",-0.0012134981769622
"357",0.0535674489643836
"358",0.0920892558643169
"359",0.00840419087701417
"360",0.10902669681948
"361",0.104653488943715
"362",0.0678081455539262
"363",0.0265092818963737
"364",-0.085657681206771
"365",0.0568398124179638
"366",0.16298740311481
"367",-0.0735328391550275
"368",0.121815669607145
"369",0.00761316845826788
"370",0.0639064400091565
"371",0.068027946186829
"372",0.0251007577836759
"373",-0.0554978467808102
"374",0.0692298205250203
"375",-0.00155741870139293
"376",0.0911133159261582
"377",-0.0447643430320894
"378",0.000732442539367585
"379",-0.0376160269317627
"380",-0.0243564934783636
"381",0.0186860384654136
"382",0.000546968164496388
"383",0.0964035961291661
"384",0.119669893455509
"385",-0.0498037546410687
"386",0.034688903854392
"387",-0.0681173585813988
"388",0.154958781566132
"389",0.0178807118518434
"390",0.043831173113282
"391",-0.0817849809602574
"392",0.0206792719769179
"393",0.0563306206082335
"394",-0.101612962461193
"395",-0.0896087941390218
"396",0.159127771066419
"397",0.272308940780599
"398",0.0116559705063722
"399",-0.0898633782950102
"400",-0.0358454293346649
"401",-0.0457889458123837
"402",0.101845716093966
"403",0.0647563634727696
"404",-0.0395401094767815
"405",0.0171778458168435
"406",0.180289576074609
"407",-0.0233612409255926
"408",0.0977992490799875
"409",0.0851691203940089
"410",0.0743704529147966
"411",0.184018328630689
"412",-0.0472251842128747
"413",-0.0459807043577797
"414",-0.000484652759267093
"415",-0.0494339249137553
"416",0.171493601936517
"417",-0.12163309272904
"418",0.155556323725541
"419",0.327487987036157
"420",0.0532719428197541
"421",0.00731150276939212
"422",0.070263243030176
"423",0.00204467243424491
"424",-0.0352486105530185
"425",-0.0502170802841641
"426",-0.00669188858981611
"427",-0.0520657590240178
"428",0.0510265346167026
"429",-0.0283811056426025
"430",0.0553296953483232
"431",0.110456886312419
"432",0.214446254550096
"433",-0.101021491651784
"434",-0.0827683503494897
"435",0.109708271427651
"436",-0.00568487799041326
"437",-0.0109573962527188
"438",-0.0981915825093354
"439",-0.0204574217482094
"440",-0.0737830042420658
"441",0.0284438950449283
"442",0.315648660396544
"443",0.119780646732991
"444",0.205710860019514
"445",-0.0387981269903255
"446",-0.0113535417485789
"447",-0.0642247157817041
"448",-0.0295906024254743
"449",-0.0957859199369824
"450",-0.0530944716661459
"451",-0.013818980356594
"452",0.0586684766088012
"453",-0.0372938571312044
"454",-0.106918560921824
"455",-0.0157472723341876
"456",-0.0704997900050841
"457",0.100062452109507
"458",-0.0858637698935747
"459",-0.036192390266457
"460",-0.0809497609791833
"461",-0.177721814025397
"462",-0.0512421579965832
"463",0.0334161534404148
"464",-0.0419644232390497
"465",0.211116034210375
"466",-0.0426850621192158
"467",-0.0972141242098978
"468",-0.0115090454679228
"469",-0.0684728297970954
"470",-0.073476803983762
"471",-0.0337521632461588
"472",0.0404054143345207
"473",0.087625783307295
"474",-0.0171491257351823
"475",-0.0562936151911535
"476",-0.0842937461238943
"477",0.166796207639379
"478",-0.096534845193691
"479",-0.0561322751852605
"480",-0.149201136828468
"481",-0.179150729753472
"482",-0.126038329629073
"483",-0.0140114785092772
"484",-0.0542530916086509
"485",0.0526320006469116
"486",-0.150792027286393
"487",0.156863673443078
"488",-0.0322061508130012
"489",-0.0584185478200524
"490",0.0202177085788856
"491",0.0379291831793653
"492",0.0286510421377207
"493",0.0638329445803829
"494",0.0976292392885228
"495",-0.118603087749897
"496",-0.0666562402327131
"497",-0.0435659371607467
"498",0.0146161732950227
"499",0.069315276060756
"500",0.0314580101170198
"501",0.00413604708554762
"502",0.200927032268019
"503",0.0686734313516486
"504",0.110263468618783
"505",-0.0723787352911865
"506",0.0584536410234131
"507",0.00895204616113226
"508",0.141409552548598
"509",-0.0545852043147213
"510",0.189963592286185
"511",-0.0640290857617102
"512",-0.0571027092630903
"513",-0.0130594756419145
"514",-0.0750956917306194
"515",-0.0643858965224013
"516",-0.0177463142689678
"517",-0.0362891713038607
"518",0.150383347245457
"519",0.150226865532922
"520",0.175196357920605
"521",-0.014601813386472
"522",0.143018697354065
"523",0.118091917265264
"524",-0.0361663315370956
"525",-0.0417672510340569
"526",-0.0453241005788688
"527",0.25501243033657
"528",0.084731004657066
"529",-0.00213514747149681
"530",0.0520806622484155
"531",-0.160638413153697
"532",0.186625489906961
"533",0.0177611935440799
"534",-0.0203480042732177
"535",0.0221111113306743
"536",0.0206455833100898
"537",0.107616966534157
"538",-0.0268240249374939
"539",-0.0428303922383959
"540",0.0766625272594517
"541",0.0142055943620245
"542",-0.000865804104631431
"543",-0.164418848388917
"544",0.000379695524113261
"545",-0.00580456890998442
"546",0.0798924505316025
"547",-0.0160549762070683
"548",-0.141274224204819
"549",0.0270258376530484
"550",-0.004710989236882
"551",-0.0572322382031587
"552",0.0753048753566266
"553",0.0550275652716587
"554",-0.106731777344099
"555",-0.0540109104119188
"556",0.0417395477140466
"557",0.00289102833997273
"558",-0.0620903799369587
"559",0.0222224969288415
"560",-0.000363805108380281
"561",0.0703661716367303
"562",0.0871315520218112
"563",0.134519711050816
"564",0.0677614464837006
"565",0.0267362412462464
"566",0.024957673276334
"567",-0.0187143727802106
"568",-0.0483073279684344
"569",0.051583280142749
"570",-0.0636780763251752
"571",0.0857174010230606
"572",-0.0188091202765968
"573",0.0448028672377615
"574",-0.0871463342515525
"575",0.0537428546359381
"576",0.00790069788641884
"577",-0.0274673085576384
"578",-0.0606235558644741
"579",-0.0521838163488185
"580",0.135956723995744
"581",0.0777215341627607
"582",-0.0298558838660343
"583",-0.0368667718937283
"584",-0.0414693462998495
"585",-0.046055756650416
"586",0.0954596431826467
"587",-0.010937828661004
"588",-0.0983931734942153
"589",-0.130723956423377
"590",-0.00289077205943259
"591",0.0353461624994527
"592",0.0637242720779363
"593",-0.0808486881597302
"594",0.0946138901625704
"595",0.141743324792159
"596",0.10461530699564
"597",-0.0806125223216948
"598",0.101160549756699
"599",-0.0185184528952468
"600",0.0914010645295474
"601",0.0130679927542888
"602",-0.00226500725174526
"603",-0.0272786582707752
"604",-0.0940449236827745
"605",0.179420870611925
"606",-0.077760867507325
"607",0.0339443385015981
"608",0.0597378366250921
"609",0.00722003943651631
"610",0.00207598892568533
"611",-0.0833402550871065
"612",-0.02869031870317
"613",0.0388923184422522
"614",-0.0306453777480965
"615",0.128397957379441
"616",0.0357212864818166
"617",0.0441736538070159
"618",-0.0319529850031193
"619",-0.0816890626202409
"620",0.0423665154521593
"621",-0.054203752483822
"622",0.0262396264634826
"623",0.0278499457359476
"624",0.00128961666169735
"625",0.0429794061275593
"626",0.113404340667226
"627",-0.100593443506879
"628",0.0747135952365227
"629",0.0533711332265441
"630",0.153728570016628
"631",-0.0119469870452355
"632",-0.0272399691861416
"633",0.0166009567832242
"634",-0.00388695601350923
"635",-0.0462183407510795
"636",0.0944359125129711
"637",-0.0121562320637932
"638",0.147519138496972
"639",0.0323244040997413
"640",-0.0741073513478065
"641",0.0612603432189441
"642",-0.00249859663833526
"643",0.0319938291633727
"644",0.0754706661955846
"645",-0.0355583678564598
"646",-0.0393338686834182
"647",-0.033694699055616
"648",0.0843538777339888
"649",0.0218890831668195
"650",0.00386397713623845
"651",-0.148154977607266
"652",-0.137148369431332
"653",-0.101280138164062
"654",-0.070105623052338
"655",-0.132979002580932
"656",-0.179028124139284
"657",-0.0448300836528479
"658",-0.0499851974825206
"659",-0.116491306467968
"660",-0.0507821819831549
"661",-5.7911517639343e-05
"662",0.0623649542185905
"663",0.126778738080913
"664",-0.0336449049209884
"665",0.0122061180207834
"666",-0.0851345226000509
"667",-0.0454222748115943
"668",-0.146221555689779
"669",0.13910456106591
"670",-0.0569412363999133
"671",-0.00349514164599795
"672",0.101217654641967
"673",0.00252259532638219
"674",-0.133748263130036
"675",-0.163963003940503
"676",-0.0247776764986418
"677",0.0355815445615976
"678",0.0133415137762854
"679",0.0577623242731615
"680",-0.0437344139022818
"681",-0.0375059392143662
"682",-0.071817750700626
"683",0.0164635042085436
"684",-0.120692122466417
"685",0.0299166160895057
"686",0.0476799569054644
"687",-0.0528872367937788
"688",0.0065447799337001
"689",-0.0066246188277454
"690",0.0761115825449502
"691",-0.0792714117588387
"692",-0.0248522929729187
"693",0.0821562726535108
"694",0.00450313103064304
"695",-0.112856359402667
"696",-0.00407264598933085
"697",0.0625147656695912
"698",-0.0163252320286335
"699",0.0200319821309668
"700",0.122643762415074
"701",-0.012906883426982
"702",-0.0175976935061223
"703",-0.0084052718464358
"704",-0.0269921525410871
"705",-0.0466851827697646
"706",0.0189555775324711
"707",-0.044680684766355
"708",-0.0359668100441054
"709",-0.115131202661373
"710",0.110629894596476
"711",-0.0576317257351776
"712",0.030316733692868
"713",0.05029473290486
"714",0.0199221156311228
"715",-0.0326174015160891
"716",0.00157170028463534
"717",0.0899458555475746
"718",0.111073895925687
"719",-0.0633817304793446
"720",0.244790824673253
"721",-0.0440106766541958
"722",-0.0466927994080106
"723",0.0427506456987794
"724",-0.00424831177196586
"725",0.0452768734799033
"726",0.0254000832670447
"727",0.020240321603632
"728",0.225960462941193
"729",0.068290197257703
"730",0.0823583939447423
"731",0.0265023401846642
"732",0.0364458828635678
"733",-0.00631967980442962
"734",0.123457660110594
"735",-0.0142643781746712
"736",0.0423391638970086
"737",-0.142584128663721
"738",0.0170923828387742
"739",0.0985019915191785
"740",-0.00813268481561265
"741",-0.00892847570215139
"742",0.0804585595483744
"743",0.0589936062465997
"744",0.0232577728626387
"745",-0.068292920040685
"746",-0.021529054840554
"747",-0.0434806254543652
"748",-0.121801503313361
"749",-0.0209046993380839
"750",0.0441822613365451
"751",-0.0603936656551757
"752",-0.0815672415046033
"753",-0.0171536333476492
"754",0.206258639644692
"755",0.0902427416339431
"756",0.0533049148642143
"757",0.0770249505800889
"758",-0.0863495092581188
"759",-0.084001807981724
"760",-0.0827177261139304
"761",-0.0558699279401385
"762",0.176143784394794
"763",-0.0956711560214924
"764",0.0786651186004544
"765",0.136781486789091
"766",-0.11387684073009
"767",-0.0158571643729237
"768",-0.000458905776513199
"769",0.0227859352204555
"770",0.0809079240823965
"771",-0.0746525330766176
"772",0.080556544462686
"773",-0.112336494184873
"774",-0.0917494186285182
"775",0.00332880244305708
"776",-0.0151429830990815
"777",0.0748638034834069
"778",-0.0649397476335195
"779",-0.0580378324323616
"780",0.0880418742758416
"781",0.00188192078822695
"782",-0.0713511138177415
"783",0.106985335803447
"784",-0.060202587394661
"785",0.0366921875911774
"786",-0.077099089252459
"787",-0.118828524829827
"788",0.0191158554038499
"789",0.241869973341981
"790",0.0985210887663506
"791",0.0983654672958647
"792",0.00165674656292333
"793",0.0381775413738956
"794",0.0254508065581004
"795",0.0551515053734268
"796",0.150123107869828
"797",-0.0180787038466216
"798",-0.00780380786494964
"799",0.0161403528562073
"800",0.0609635689805488
"801",-0.0510933377324815
"802",0.0969238672092068
"803",0.0593067102103037
"804",-0.00716629591479289
"805",0.0380487123278548
"806",0.0473647271744436
"807",-0.0867374813873127
"808",-0.0242261389455429
"809",-0.015012465370382
"810",-0.0529562669270057
"811",-0.0805272978628883
"812",-0.03698853217635
"813",0.0143029262936523
"814",-0.0465066507428601
"815",0.0449294612318402
"816",-0.0119302144243788
"817",0.0188971382233218
"818",0.231692641996598
"819",0.0549317766079252
"820",0.0947976745656085
"821",-0.0300306052365031
"822",-0.0813600862196252
"823",-0.0668297685189261
"824",0.0587446426402583
"825",-0.0341195446965397
"826",-0.0745393726927788
"827",-0.0904409270567901
"828",-0.0642389168194439
"829",-0.0679001368191177
"830",0.313898053782832
"831",0.0484543936543015
"832",0.035372260395047
"833",0.0336807701107301
"834",-0.0851447908139336
"835",0.018782293309022
"836",0.0254749023641591
"837",-0.0308703739129684
"838",-0.0315918089095484
"839",-0.00666084720679277
"840",-0.203236229474345
"841",-0.159371585434743
"842",-0.0552095078361928
"843",0.0157599729143177
"844",0.0912738414676392
"845",-0.106135974127709
"846",0.0131367232100922
"847",-0.103985556322506
"848",-0.00229541633494834
"849",-0.0435936432180039
"850",-0.137625869007415
"851",-0.0262678646180555
"852",-0.0931315811640827
"853",-0.0638827326103025
"854",-0.0212976780887928
"855",0.049634737585845
"856",-0.135937629533813
"857",0.00625232572762209
"858",0.0370996245483294
"859",-0.0288347878684766
"860",-0.013084627805652
"861",-0.0388252702489015
"862",0.0794968262401325
"863",0.0190159143393291
"864",0.0859960391707175
"865",-0.0490135787474768
"866",0.065031947939564
"867",-0.152701547023543
"868",0.10756621425516
"869",-0.252387965578816
"870",0.0325890660010233
"871",0.202204775219915
"872",-0.0207596357809657
"873",-0.0962704940798984
"874",-0.0384681856827651
"875",0.00386729007496807
"876",-0.055213784479488
"877",-0.0623498776714572
"878",-0.0648864673585946
"879",0.0618898611875465
"880",0.0638876830398863
"881",-0.0140004826764978
"882",-0.030225233778105
"883",-0.0375107251410549
"884",-0.07360728434687
"885",0.0345089088664268
"886",-0.187968556424438
"887",0.0402971234962953
"888",0.0149707717870007
"889",0.0426991371647663
"890",-0.00412309722483985
"891",0.0404631850176404
"892",-0.0690500209215357
"893",-0.0199694777047822
"894",-0.0543243221821111
"895",-0.00889423796383712
"896",0.18219466457722
"897",-0.0908558723694076
"898",-0.0473771919509926
"899",0.00670903242646421
"900",0.0180758425854516
"901",-0.153870935941771
"902",-0.0468767962328237
"903",-0.107490650475739
"904",0.0887503589809945
"905",0.0434990568923623
"906",-0.0237591798533932
"907",-0.115061673524499
"908",-0.120660868929778
"909",-0.0416248524387843
"910",-0.0469667779454289
"911",0.107359480687229
"912",0.105556412284508
"913",-0.0279650535388998
"914",-0.0415195301968408
"915",0.0676333353790034
"916",-0.0442281116687351
"917",0.037102466301728
"918",-0.0772373772815145
"919",0.076587778011092
"920",-0.0455348212493529
"921",0.038711268733748
"922",-0.0396096334871845
"923",-0.0817008215461866
"924",0.0216461491922636
"925",-0.00702851644637273
"926",0.00037967122611917
"927",0.111912009131476
"928",-0.00538819857617774
"929",-0.0493790742114826
"930",-0.102832407341611
"931",0.0472651782568896
"932",0.122641792425873
"933",-0.054015404002874
"934",0.0103748123901613
"935",-0.0536182258026738
"936",0.0062591588602627
"937",-0.0589506051537068
"938",0.0454171235351681
"939",-0.0210186602912177
"940",0.000485259893154136
"941",0.0339254177603661
"942",-0.0619616261774033
"943",-0.0738613112076625
"944",-0.0780723545728931
"945",0.0116404430142746
"946",0.00408356616636783
"947",-0.10687830285198
"948",-0.163372130255038
"949",-0.028690717822258
"950",-0.0400921708489308
"951",-0.0286360192361662
"952",0.117884237977513
"953",-0.0407640004323517
"954",0.131177613308702
"955",-0.105609844257602
"956",-0.0508219673667227
"957",-0.0703934512865921
"958",0.0417110150810116
"959",-0.0724369324928833
"960",0.0759121993834458
"961",-0.0806861290593615
"962",-0.0265704817806323
"963",0.00559562014075235
"964",0.0892793854371603
"965",-0.132120237983521
"966",-0.128477003898445
"967",-0.0992781095735923
"968",0.0668399309336621
"969",-0.00570476234473466
"970",-0.0950442494438835
"971",-0.0361161302809165
"972",-0.0576584460886791
"973",-0.0163113015033988
"974",-0.0421067756044133
"975",0.0435849412634891
"976",-0.0759104335848177
"977",0.0132194173338764
"978",-0.0500350217719608
"979",-0.0598619817953784
"980",-0.0703640059116938
"981",0.0505631969381742
"982",-0.0527091229754871
"983",0.171138105545896
"984",0.0501817640648458
"985",-0.0965813122585008
"986",0.220270719834637
"987",0.304177227567527
"988",0.0488674968097221
"989",0.0385328990718533
"990",-0.019304767466254
"991",-0.102833643582633
"992",0.0246690996481033
"993",-0.0495873059647722
"994",0.291711547673403
"995",0.0679522697535966
"996",-0.0405161585344306
"997",-0.0318776997798652
"998",0.0863168304826813
"999",-0.0206288749363987
"1000",-0.0622880399491703
"1001",0.0424989166276075
"1002",-0.0708749109361342
"1003",0.101855499358139
"1004",-0.0511383047099448
"1005",-0.00288100997199765
"1006",-0.048681029946366
"1007",0.192203951488623
"1008",-0.03171764032109
"1009",0.064698578364086
"1010",-0.0953736609834271
"1011",0.117763673628188
"1012",-0.0289778380137881
"1013",0.0400217286480527
"1014",-0.0156120051713427
"1015",-0.000913814844346212
"1016",0.0406920881502667
"1017",-0.0670314547421597
"1018",0.0005237837047404
"1019",0.00241672647207757
"1020",-0.0746886427639857
"1021",-0.0709508701567395
"1022",-0.128735591594436
"1023",-0.0592411711310987
"1024",0.137529162464306
"1025",-0.0119680801976121
"1026",-0.141777740341578
"1027",0.175264974197824
"1028",0.0108498797991813
"1029",0.0557681935168128
"1030",0.054922373143322
"1031",-0.121785594676014
"1032",-0.141376282358208
"1033",0.225472406885824
"1034",-0.00750784827816271
"1035",-0.0679896685028416
"1036",-0.0641497853796817
"1037",0.0132649713584384
"1038",0.212467808839506
"1039",-0.050022374338656
"1040",-0.0015399264982299
"1041",0.166024599408165
"1042",-0.0312117347770379
"1043",-0.100583285349442
"1044",0.100355442369485
"1045",0.0107864429268356
"1046",0.0567308466625779
"1047",0.0881278296098102
"1048",0.11745655337656
"1049",0.0011519633890664
"1050",-0.0556290007582487
"1051",0.0463609747374275
"1052",0.0212723839119853
"1053",-0.000896112834900235
"1054",0.20069162830746
"1055",-0.0595017611452048
"1056",-0.0723883534589705
"1057",0.199140119401542
"1058",0.0718185060711767
"1059",-0.0356391171832523
"1060",0.189774015250927
"1061",-0.0218562511760868
"1062",0.0341338436142633
"1063",-0.0230292763275343
"1064",-0.000587389464289088
"1065",-0.0357372248404806
"1066",-0.0809145375735566
"1067",0.10587219030276
"1068",-0.0342992234892729
"1069",-0.0569775746072264
"1070",-0.0913879596724462
"1071",-0.0747166002925474
"1072",-0.0306413367814236
"1073",-0.0444975680284492
"1074",0.0898499265867176
"1075",-0.0514429468713225
"1076",-0.0432101789481047
"1077",-0.14320090312915
"1078",-0.0412700411224412
"1079",0.020645972392411
"1080",0.0106946612375995
"1081",0.161154147834669
"1082",-0.105581771109749
"1083",-0.157209841181667
"1084",-0.0733203474549148
"1085",-0.0454184813902432
"1086",-0.0946829842016791
"1087",-0.0246606532812593
"1088",-0.111021560701459
"1089",-0.125365576040826
"1090",-0.101591899376222
"1091",-0.122303980210377
"1092",0.20674651754366
"1093",-0.0613236622749691
"1094",-0.0885522284244193
"1095",-0.0540111217864294
"1096",0.0814786172461077
"1097",-0.128602253724432
"1098",-0.0539713548489334
"1099",0.0849922216299504
"1100",0.130728635022994
"1101",-0.00772206938371075
"1102",0.0718928455487916
"1103",0.000439430177727252
"1104",-0.101049780943932
"1105",-0.105997226166965
"1106",-0.184850998238029
"1107",0.0560163727760379
"1108",0.0763491646830339
"1109",0.124980987381877
"1110",-0.00537837977095277
"1111",-0.0368851187888068
"1112",0.168412352392222
"1113",-0.0559537045904662
"1114",-0.133101532982863
"1115",-0.067698717341126
"1116",0.012679062003045
"1117",-0.0520411999807443
"1118",0.066440144870337
"1119",-0.0593407049651773
"1120",-0.0579688404453929
"1121",-0.00118823505073702
"1122",-0.0278102274373785
"1123",0.095913780672739
"1124",-0.048093477947057
"1125",0.0122085601114105
"1126",0.0418492169541693
"1127",-0.106811574683095
"1128",0.0972538791993492
"1129",0.0757393329192265
"1130",-0.00253561770741738
"1131",0.124524529311383
"1132",0.0560851323056428
"1133",0.114984222374077
"1134",0.0206617623669755
"1135",0.103435340156048
"1136",-0.00129410358320165
"1137",0.058991762267227
"1138",-0.143657196412284
"1139",-0.00156335848220578
"1140",-0.028502402773625
"1141",0.104544616123149
"1142",-0.0312760021046776
"1143",-0.0918681372311202
"1144",-0.0232563497634818
"1145",0.178294519730043
"1146",0.0466974823814615
"1147",0.0561047142919983
"1148",0.124343895914512
"1149",0.0394320369757666
"1150",-0.00899595424884002
"1151",0.00291293716389021
"1152",0.125097227533555
"1153",0.160744432703369
"1154",0.0600976081672547
"1155",0.0836878919900159
"1156",0.0339262997525889
"1157",-0.203538952491398
"1158",-0.0494777244239241
"1159",-0.0695423671852694
"1160",0.0919657051385974
"1161",0.0300120266466763
"1162",-0.0821923784274741
"1163",-0.0233749476686777
"1164",0.031905375119162
"1165",-0.109789688848281
"1166",-0.0173149228400252
"1167",0.128250038674529
"1168",-0.0489227929731389
"1169",-0.0118294494056957
"1170",-0.0793402219081266
"1171",0.167651231415674
"1172",-0.0111448645569542
"1173",0.126661100077259
"1174",-0.0120817341409612
"1175",0.0180612032834074
"1176",0.100112355968213
"1177",0.0168564046392397
"1178",0.115366492957791
"1179",0.0159251677088324
"1180",0.0646943639260968
"1181",0.0386693616948615
"1182",0.0814678360142615
"1183",-0.00702581519027405
"1184",0.0560107905651086
"1185",-0.026233266863619
"1186",-0.0292059809323089
"1187",0.0464802324486953
"1188",0.0979828764853939
"1189",-0.176591009890376
"1190",0.0538654372008023
"1191",0.0764111238090793
"1192",0.138369037683376
"1193",0.00690345750877774
"1194",0.0751069380299451
"1195",0.0348870109479164
"1196",0.0864364379045429
"1197",-0.0393283866016147
"1198",0.0790703948953647
"1199",0.0453144845664979
"1200",0.155651632156643
"1201",0.0554098590438801
"1202",0.143384950010016
"1203",0.0290584219259799
"1204",0.11694858720033
"1205",0.0478198523433089
"1206",0.0333842623271835
"1207",0.00836275967177444
"1208",0.00907772513290167
"1209",0.0630012825133527
"1210",0.166407724134128
"1211",-0.0400478679119458
"1212",0.0254609474587331
"1213",0.0538713758665981
"1214",0.135409680567808
"1215",0.0525559588493519
"1216",0.122858165308114
"1217",0.0385140524483505
"1218",0.0250581127471802
"1219",0.0261430244065861
"1220",0.076959608949379
"1221",-0.0661883792648658
"1222",0.0264696339831115
"1223",0.0833387331199926
"1224",0.0312897126146084
"1225",0.0291078583035509
"1226",0.0392319156562682
"1227",0.0863571762077052
"1228",-0.0168275415009517
"1229",-0.100751327889409
"1230",0.038234008223495
"1231",-0.024571383813
"1232",-0.0627551398416549
"1233",-0.0659288387181351
"1234",0.0640836544267023
"1235",-0.0165733582676178
"1236",0.00187954881337053
"1237",0.0673358649089741
"1238",-0.0806873897730817
"1239",0.040094625972119
"1240",-0.151796669322934
"1241",0.0801260214931362
"1242",-0.0142113188293188
"1243",0.0138798067301435
"1244",-0.0699745572310357
"1245",0.029619049883356
"1246",-0.173598951546072
"1247",0.10794521375591
"1248",-0.0569785679906661
"1249",-0.132288623704205
"1250",0.0634221731041859
"1251",0.138295007300664
"1252",-0.0587267807622403
"1253",0.0478891282691435
"1254",-0.0369204173801656
"1255",0.127776180980331
"1256",-0.0212350417125478
"1257",-0.00153072475381387
"1258",-0.0336476658574128
"1259",0.00170078640769885
"1260",-0.119505763886421
"1261",-0.0947463404855993
"1262",0.029240198611133
"1263",-0.0191282820954535
"1264",-0.0670780379923373
"1265",0.014699172078302
"1266",0.0295316060805247
"1267",0.0554238211584312
"1268",-0.0826145274782982
"1269",-0.165379610979218
"1270",0.0767270926805705
"1271",0.0407084953795018
"1272",-0.0545784077814102
"1273",0.000948551095517922
"1274",-0.0203906466203046
"1275",-0.0315057714435404
"1276",-0.0213233053408489
"1277",0.0878395651700493
"1278",0.136597349283168
"1279",0.0333080630660309
"1280",0.191723634034979
"1281",-0.0401459404864052
"1282",-0.0304550136920038
"1283",-0.0462373799070939
"1284",-0.00683570014749381
"1285",-0.109921010109835
"1286",-0.12911341488812
"1287",0.0975720368389748
"1288",-0.0528979731190282
"1289",-0.0464519591095115
"1290",-0.126759290016813
"1291",-0.0309326283231497
"1292",0.0224813333127784
"1293",0.0961615655257428
"1294",-0.115608351799119
"1295",-0.0204513576283789
"1296",-0.0610958771659458
"1297",0.0498546466133657
"1298",0.0317425787800518
"1299",-0.00893625513407106
"1300",0.111893326503296
"1301",-0.0251945462433444
"1302",0.00549566095768259
"1303",0.0167384514348499
"1304",0.0428573442391577
"1305",-0.0225980248100424
"1306",-0.0402603102771425
"1307",0.0928851797559988
"1308",-0.0739623097655606
"1309",0.0144255169307107
"1310",-0.0281386001517819
"1311",-0.0398737520535231
"1312",0.0353674545184288
"1313",0.00117312509038364
"1314",0.021314713390217
"1315",0.0708971909939656
"1316",-0.00874496473889711
"1317",-0.0300353576663674
"1318",0.0253693975053664
"1319",0.0673117974980428
"1320",0.0773420419378088
"1321",0.045271207242198
"1322",-0.0065628582088382
"1323",-0.0302486453279663
"1324",0.0437573756207332
"1325",0.0115993919661522
"1326",-0.00492651853078543
"1327",0.0860777131047199
"1328",-0.0107907665013141
"1329",0.0030035907887604
"1330",-6.66612941490715e-05
"1331",0.0459729604217433
"1332",0.069751189915573
"1333",-0.0147125361798054
"1334",0.0337829602071362
"1335",0.0108558200347512
"1336",-0.115032624888502
"1337",-0.0431434765343609
"1338",0.00363340960733419
"1339",0.00258050847574635
"1340",-0.0672857270511065
"1341",-0.142056573688265
"1342",-0.0496598130738717
"1343",0.0244238130178241
"1344",-0.0312544040297692
"1345",-0.0190574227432065
"1346",-0.185728561001374
"1347",-0.0722535499821759
"1348",0.00123838782296325
"1349",-0.0335015793980746
"1350",0.0912822140170175
"1351",0.0226224407544385
"1352",-0.111423819870749
"1353",0.0102471063600927
"1354",-0.0959802990754333
"1355",-0.0419681170126665
"1356",-0.0936771697459491
"1357",0.0677049060852479
"1358",0.00114110225400684
"1359",0.0467671064942286
"1360",-0.0534543846424941
"1361",-0.034082785143983
"1362",-0.091366699409421
"1363",-0.0786424946375583
"1364",-0.023111536932523
"1365",0.0597652223692701
"1366",0.00508648795410778
"1367",-0.0813011005661291
"1368",0.0327317189460978
"1369",0.00624487351623667
"1370",0.0732702572663158
"1371",0.0225357152532735
"1372",0.00134269208105847
"1373",-0.0701013173284732
"1374",0.00318652546818375
"1375",0.0853049520394958
"1376",-0.0169541063650063
"1377",-0.0289398810001284
"1378",-0.0200549700024342
"1379",-0.0345791137081115
"1380",0.0432660377976164
"1381",0.0252273582415472
"1382",0.0262080277648565
"1383",0.0121405234579868
"1384",-0.021296094408938
"1385",0.0303941631496628
"1386",-0.0106061398704588
"1387",-0.0134474532342533
"1388",0.000281238688800705
"1389",0.0869292864144346
"1390",-0.0208144800364417
"1391",0.0112990387101307
"1392",0.0203504236489853
"1393",0.019439371052767
"1394",-0.0451058632739928
"1395",0.0133637036935074
"1396",0.0549680789497694
"1397",0.0227066911816132
"1398",-0.0756665234746584
"1399",-0.0708426371453551
"1400",-0.0579119903526435
"1401",-0.0179753876789412
"1402",-0.0397883072960251
"1403",-0.102760184477601
"1404",-0.020515454652138
"1405",-0.13591739972938
"1406",-0.0373041562561964
"1407",0.0257491569999365
"1408",-0.093123519537119
"1409",-0.0648749266888091
"1410",0.1074592320855
"1411",0.023975274384026
"1412",-0.0171885147932837
"1413",0.0659937076832668
"1414",-0.0626221867575054
"1415",0.0338558598785881
"1416",-0.030254063491699
"1417",0.0198590233482018
"1418",0.116979724547045
"1419",0.0732175463510723
"1420",0.142415897389057
"1421",0.0381583777987012
"1422",-0.0444005698686817
"1423",0.0312782004831129
"1424",0.00763134427388446
"1425",0.0898109551595845
"1426",-0.00251390593148725
"1427",0.101195844517333
"1428",0.0376853155385742
"1429",-0.016030832719302
"1430",0.00654363887865715
"1431",-0.0204502069757192
"1432",-0.0520411936675397
"1433",-0.0457475620097778
"1434",-0.0252565094354175
"1435",-0.0684953468792935
"1436",-0.125294855156927
"1437",0.0279362287592876
"1438",-0.158883784183508
"1439",-0.159961187970579
"1440",-0.0175579542733933
"1441",-0.0782673388472458
"1442",0.0392193414099456
"1443",-0.0607982624531025
"1444",-0.0439257776155413
"1445",-0.000502965079474375
"1446",0.0720525148075871
"1447",-0.0598994776760367
"1448",0.0405295632554902
"1449",0.00548446189548653
"1450",0.0418853030785266
"1451",-0.00837182549766369
"1452",0.00107531050947197
"1453",0.025236817195973
"1454",-0.11061412975264
"1455",-0.0965734668440434
"1456",0.0368390842273975
"1457",-0.0241942144854256
"1458",-0.127266674936201
"1459",-0.0884939131530745
"1460",0.112466042696157
"1461",0.092761849278355
"1462",0.055159062063251
"1463",-0.0310013654205526
"1464",-0.0204328301037248
"1465",-0.0157079126047497
"1466",0.0199235474043312
"1467",0.0154357853964628
"1468",-0.00214166026578091
"1469",0.0271938006904405
"1470",-0.111085779107525
"1471",0.0308336909715217
"1472",-0.0855994895967452
"1473",0.0603321562571124
"1474",0.110400734549253
"1475",0.0467716255184861
"1476",0.110588146153747
"1477",0.0647569035345009
"1478",-0.0697012765557086
"1479",0.0759062629113923
"1480",0.097692127213239
"1481",-0.016039780299585
"1482",-0.0595400283537394
"1483",0.0279960853236229
"1484",0.0458130869948106
"1485",0.0406021213501136
"1486",-0.0638015741614277
"1487",-0.129238696674316
"1488",0.0462316687178063
"1489",0.0411972473677225
"1490",0.00565714016582052
"1491",0.00343753219497691
"1492",-0.111758226988567
"1493",-0.0281024860778918
"1494",-0.107171157875188
"1495",-0.191967259331746
"1496",-0.0339219529535692
"1497",-0.0740573718459411
"1498",0.114347429404566
"1499",0.00307228459700771
"1500",0.0378474686549425
"1501",0.0112758554997378
"1502",-0.0720840299450429
"1503",-0.0287393621166867
"1504",-0.0698891603092215
"1505",-0.0659010955398125
"1506",0.0476401720345217
"1507",-0.014804425830854
"1508",0.00846784747481009
"1509",0.0297893986962978
"1510",-0.0684061179321198
"1511",-0.0519879113517567
"1512",0.00505701129917164
"1513",-0.0383491357281143
"1514",0.0677467157711075
"1515",0.00792796290029952
"1516",0.0683756135339677
"1517",-0.018821213112136
"1518",-0.0167335762909265
"1519",-0.026815473353649
"1520",-0.0195181923079076
"1521",0.0168844982357517
"1522",0.0215753772679832
"1523",0.0464529532691441
"1524",-0.0388162943563471
"1525",-0.119259465757254
"1526",-0.0383381349136255
"1527",-0.0481611705637817
"1528",-0.0102336299883261
"1529",-0.035986830933937
"1530",0.00762196921384265
"1531",0.0242746483743973
"1532",-0.103763259850519
"1533",-0.105834421427557
"1534",-0.0104024699195839
"1535",-0.110749581461626
"1536",-0.0789859000021041
"1537",-0.039429829266511
"1538",-0.0260981734851373
"1539",-0.0436012008914606
"1540",0.0179391576788085
"1541",-0.0649543262329164
"1542",-0.0996458393805295
"1543",-0.0484836859838377
"1544",-0.0515755613735623
"1545",-0.115165254988825
"1546",-0.118285724680231
"1547",-0.0592773687148675
"1548",-0.0217130742015074
"1549",0.00300425090902515
"1550",-0.0804011087699948
"1551",-0.0439465281554701
"1552",0.0159195059971498
"1553",-0.0287757580897605
"1554",-0.0145974130919007
"1555",-0.00824646347481399
"1556",-0.0348729432032059
"1557",0.0161703854850175
"1558",0.00282954401616315
"1559",0.0496328526138166
"1560",-0.082515161991913
"1561",-0.123410087268154
"1562",-0.0823185018913055
"1563",-0.130536150880118
"1564",-0.0493945591965146
"1565",-0.0858155098622399
"1566",-0.169965899868302
"1567",-0.107351142610027
"1568",-0.112175493352425
"1569",-0.00547340132938059
"1570",-0.0605020646568764
"1571",-0.120983906736167
"1572",-0.13762465885809
"1573",-0.10402693166914
"1574",-0.0895875869942074
"1575",-0.0119516251675817
"1576",-0.0641538030642858
"1577",0.0241578573784299
"1578",-0.0947737514350865
"1579",0.0344420201308656
"1580",-0.0392180485738605
"1581",-0.0707968928064045
"1582",-0.0768914760898256
"1583",-0.0181828689864032
"1584",0.0153758913103937
"1585",-0.00275844386047564
"1586",-0.0814315492325084
"1587",-0.00351384988024034
"1588",0.0726832782017232
"1589",0.0383664714195407
"1590",-0.138408390364361
"1591",-0.0328326560009006
"1592",-0.0350133054761519
"1593",0.200057383866515
"1594",0.103823367439402
"1595",0.186829687663652
"1596",0.0624756864753763
"1597",-0.0248993967854858
"1598",-0.00140685484306335
"1599",0.214679045383906
"1600",0.11431949392935
"1601",-0.0838845803910771
"1602",0.068135468141114
"1603",0.028114300075753
"1604",0.0558099551941589
"1605",0.101893105305582
"1606",-0.0154017663876063
"1607",0.0169670239391678
"1608",-0.0429518148115033
"1609",-0.0930018221186018
"1610",0.0680116853500815
"1611",0.0210470941671143
"1612",-0.090041369549978
"1613",-0.0569045374543831
"1614",0.04233959148167
"1615",0.0396399126235039
"1616",0.120727437462082
"1617",0.175473578376735
"1618",0.114600640116142
"1619",0.0927064628930929
"1620",0.0490519444531611
"1621",-0.0413846289326414
"1622",-0.0521691696572311
"1623",0.0112802670378605
"1624",0.0379385747270367
"1625",-0.0385231964572388
"1626",0.0902706898486041
"1627",0.0638262096794904
"1628",0.108065833570705
"1629",-0.00884110903654031
"1630",-0.0265310743256379
"1631",-0.0488999734110138
"1632",0.114359063188882
"1633",0.0472622246980037
"1634",0.0109306156964405
"1635",0.22936741725358
"1636",-0.0593348918205538
"1637",-0.00523496997115112
"1638",0.0464070309533964
"1639",-0.0684961880782987
"1640",-0.0561693372599874
"1641",-0.0958121220127477
"1642",-0.0946066716710047
"1643",-0.0488168587428279
"1644",-0.103211749571931
"1645",0.0169781026531009
"1646",0.0301731425898601
"1647",-0.0664482143594377
"1648",-0.0617415377052371
"1649",-0.0641717897868835
"1650",-0.0101012192928127
"1651",0.00599701571147011
"1652",-0.0344865401993001
"1653",0.0606925238470523
"1654",-0.0416181135246371
"1655",0.0954986685894486
"1656",-0.00199387519808654
"1657",0.00565185431965768
"1658",0.0152641264317791
"1659",0.0722154302554946
"1660",0.0186848851686876
"1661",0.0543753284304583
"1662",-0.139248158378178
"1663",-0.120180981975396
"1664",-0.0285768943888308
"1665",-0.00535763047576273
"1666",-0.00325961184601521
"1667",-0.0249435565150446
"1668",-0.0464511812495862
"1669",-0.0371540524925523
"1670",-0.00613742961695598
"1671",0.0323750441072906
"1672",0.0300868789293297
"1673",0.0429892760400211
"1674",0.111606755287939
"1675",0.00841041805076182
"1676",-0.0854517855383255
"1677",0.00334992746231877
"1678",-0.108158526193376
"1679",0.0164978098883151
"1680",-0.0460036152130927
"1681",0.166311243275643
"1682",0.0570746853867382
"1683",0.102018344405345
"1684",0.0132571653715845
"1685",0.0521848486622636
"1686",0.00749984388805927
"1687",0.060026811053796
"1688",0.098947395076091
"1689",0.0587375288614111
"1690",0.0337366242605413
"1691",-0.0374260844720316
"1692",0.032701078310766
"1693",-0.04687902502338
"1694",0.0350961158575289
"1695",-0.0228648260197047
"1696",0.161942518458404
"1697",-0.104388930079831
"1698",0.189503927881169
"1699",0.00820616629115181
"1700",-0.151571307368169
"1701",-0.0393600174190987
"1702",0.000658263653458621
"1703",0.0522205031616095
"1704",0.17308823129672
"1705",0.0844754160447621
"1706",-0.0432238611967804
"1707",-0.00291109428063526
"1708",-0.0478674796906497
"1709",-0.050549651048757
"1710",0.0198134518239917
"1711",-0.0318189337599361
"1712",0.0733190215802059
"1713",0.06808710712152
"1714",-0.219300231831841
"1715",-0.146392785275167
"1716",-0.0277694008772659
"1717",-0.0121885597454453
"1718",-0.0158843703729925
"1719",-0.0984003600735331
"1720",0.0613348486129393
"1721",-0.085322026229616
"1722",0.0171030570519745
"1723",0.0171802317007397
"1724",0.0391487478832462
"1725",-0.00249476165163691
"1726",-0.0110821782986324
"1727",-0.0110972360632623
"1728",-0.0195605947212684
"1729",0.0322724101007871
"1730",0.142058740831057
"1731",0.104363099270982
"1732",-0.0957869004506374
"1733",0.0375622951475131
"1734",0.0502258753861837
"1735",0.0677100819810868
"1736",-0.0443282585492107
"1737",0.0899074944303759
"1738",0.149347556072346
"1739",0.17236326490723
"1740",0.100354307742264
"1741",-0.0235913886500439
"1742",0.127248617869003
"1743",-0.063568395796211
"1744",0.0467809311681761
"1745",-0.0485088862776542
"1746",0.0166509378061955
"1747",-0.0627287183589046
"1748",-0.0860111654759131
"1749",-0.0815308200801989
"1750",0.0334890317907677
"1751",-0.126743090823073
"1752",0.175241661791955
"1753",0.0580401956954042
"1754",-0.0767036150052704
"1755",-0.171439231960488
"1756",0.178415196346416
"1757",0.242052609023752
"1758",0.0526558437709298
"1759",0.0109299512927494
"1760",0.0424879615962094
"1761",0.0264079305537756
"1762",0.145217934332398
"1763",0.190470460122324
"1764",0.149033292917738
"1765",0.0848414700902022
"1766",0.0554085625312863
"1767",0.144917359525024
"1768",-0.0113000073068477
"1769",0.11752951981939
"1770",0.0114866577594509
"1771",0.232536320561206
"1772",0.054357031925148
"1773",-0.009118139908724
"1774",-0.0305417061351289
"1775",0.0818803990498442
"1776",0.0391307441616343
"1777",-0.0193632304621776
"1778",0.107910859370767
"1779",-0.0548089771093218
"1780",0.0599554926579276
"1781",0.127995671513804
"1782",-0.0362423403759454
"1783",0.0224266783666722
"1784",-0.0512208532208822
"1785",0.116200486859776
"1786",0.0794715447358985
"1787",0.271301591958705
"1788",-0.00897241939215462
"1789",-0.0819081215064426
"1790",-0.0325552345599108
"1791",-0.0434719476985566
"1792",-0.118279829771387
"1793",-0.00789851167862963
"1794",0.0541776321463051
"1795",-0.0264659104245451
"1796",0.00958489429345677
"1797",-0.0106673211392546
"1798",-0.0684150565730008
"1799",-0.021592913456828
"1800",0.0104650744643737
"1801",0.0877901613057011
"1802",0.02043122045068
"1803",0.023775218071379
"1804",0.0468703366966284
"1805",-0.0236927106903343
"1806",0.0604151477282018
"1807",-0.031439376033838
"1808",-0.131751955483404
"1809",-0.0300793537468202
"1810",-0.000918352899741603
"1811",-0.0345820347046868
"1812",0.0487664686318846
"1813",-0.119196652622839
"1814",-0.114308236631219
"1815",-0.190408986382261
"1816",-0.00666444812184825
"1817",-0.0508136262267464
"1818",0.108552433722168
"1819",0.00175731068158635
"1820",0.0602021684146445
"1821",-0.0898754105792302
"1822",-0.106069960463124
"1823",-0.00288710391297445
"1824",0.058620592144185
"1825",-0.127855262910374
"1826",-0.0973226124340225
"1827",0.0436797464463178
"1828",-0.00357559843991455
"1829",-0.062286904092682
"1830",0.0501707247432236
"1831",-0.0247921012538697
"1832",-0.0475078340861968
"1833",-0.0339844607171616
"1834",-0.135684208502851
"1835",-0.0582613642935448
"1836",-0.100491403472474
"1837",0.11363105526399
"1838",-0.032068956924911
"1839",0.0363351774399472
"1840",0.0478936527435661
"1841",0.0577839932806004
"1842",-0.015108058858426
"1843",-0.0270992692189246
"1844",-0.0533254467140798
"1845",0.00445957635799696
"1846",-0.0141371014888119
"1847",0.029430745259347
"1848",-0.0690962025030361
"1849",-0.0555992059215555
"1850",0.0463066716617133
"1851",0.14927749526527
"1852",-0.0405470209721311
"1853",-0.00450005265218911
"1854",-0.038079575956648
"1855",0.0115138490571771
"1856",-0.0077135182790276
"1857",0.00671661463232899
"1858",0.0331648076989615
"1859",-0.0203258213273619
"1860",-0.0574296041040249
"1861",0.104355969757124
"1862",-0.0607162404207506
"1863",0.106981843461247
"1864",0.0928243408642022
"1865",0.115786427159263
"1866",-0.054715023518049
"1867",-0.0438451369667039
"1868",0.129601209476572
"1869",0.117192896377024
"1870",-0.0516633764806686
"1871",0.130942312245157
"1872",0.232149991140088
"1873",-0.0623031060371357
"1874",0.0236191297959865
"1875",0.0786995187553893
"1876",0.0296287175545764
"1877",0.189916498410723
"1878",-0.0965308333831942
"1879",0.0665321807103433
"1880",0.0498722676401884
"1881",0.13288415847397
"1882",0.0525480271709797
"1883",-0.116362157337033
"1884",-0.0281382683574829
"1885",0.0692970632288598
"1886",-0.00768918196656041
"1887",-0.0759548494677027
"1888",-0.194344582709832
"1889",-0.0253002078863311
"1890",0.00267962524461654
"1891",0.0854121078295785
"1892",-0.00563750213704511
"1893",-0.0264183320967002
"1894",-0.106083109677559
"1895",0.056572428884147
"1896",-0.0181963399970349
"1897",-0.0555415422342464
"1898",-0.0565794645426922
"1899",0.0747107825236676
"1900",0.00662159931768851
"1901",-0.139092812240447
"1902",-0.0218473672073492
"1903",-0.0704304799247002
"1904",-0.190068163988836
"1905",-0.0768769046626736
"1906",0.0825444498652297
"1907",-0.11105812525596
"1908",-0.0632813910816316
"1909",0.115235274472872
"1910",-0.00952496381836967
"1911",0.0342666854802356
"1912",-0.115799309217709
"1913",0.0191421526309023
"1914",-0.229168231433481
"1915",-0.0533874279727948
"1916",-0.0108850291331421
"1917",-0.077414179277309
"1918",-0.111125777904874
"1919",0.0457992357495005
"1920",0.00555119958016566
"1921",-0.0197208576871035
"1922",-0.102185138625437
"1923",-0.0253572887712608
"1924",-0.0589673632141811
"1925",-0.0444141270637254
"1926",-0.109679340509323
"1927",-0.0225403207055101
"1928",-0.0610270033428843
"1929",0.0387873292937597
"1930",0.0947918383260378
"1931",0.0407433640519937
"1932",0.126699099477392
"1933",0.0763431562847628
"1934",-0.0456296154644993
"1935",0.0858406169672713
"1936",0.0599184995409105
"1937",-0.0216941576337247
"1938",0.101579842065581
"1939",-0.0641278644906886
"1940",-0.0896899467506269
"1941",0.17776587553115
"1942",-0.0948094613981338
"1943",0.067650960525886
"1944",0.0671931492280447
"1945",0.0931837054219315
"1946",0.0166257726181678
"1947",0.170766024374864
"1948",-0.00784939959212649
"1949",0.0802123786532283
"1950",0.0338245350369173
"1951",0.0183587607313586
"1952",0.0850198941607132
"1953",0.0270925881871108
"1954",0.00913502412024507
"1955",0.0468024716998496
"1956",-0.0171025802215092
"1957",0.0272180151831803
"1958",-0.0580131284199963
"1959",-0.0136578114417108
"1960",0.00871715001654203
"1961",-0.0259238189893698
"1962",-0.0787548670566289
"1963",0.0145790152216169
"1964",-0.0514228126932316
"1965",0.0314690907161858
"1966",0.08192949949002
"1967",0.11201007850565
"1968",0.169835617487849
"1969",-0.0832290387761261
"1970",-0.0383706949185358
"1971",0.0814469539597662
"1972",0.0552064269983008
"1973",0.114496029473627
"1974",-0.0855517939026695
"1975",-0.0753588749946676
"1976",-0.0526617959895762
"1977",-0.0586170133817855
"1978",0.0193739135729875
"1979",-0.0838655456693848
"1980",0.0521275092454643
"1981",-0.0542894870184023
"1982",-0.106928394239633
"1983",0.134341110955274
"1984",-0.0746875990901425
"1985",-0.00423957618760656
"1986",0.099050503045176
"1987",-0.150415265797747
"1988",-0.00860266024385602
"1989",0.0874940695567946
"1990",-0.00162195697809086
"1991",-0.0625444711787245
"1992",-0.0101387971796565
"1993",-0.0938403368375846
"1994",0.0216778667063973
"1995",-0.0334128571180015
"1996",-0.0832509730477461
"1997",-0.0589708564503917
"1998",-0.0230707181953827
"1999",0.00630441837928628
"2000",-0.0689411713358901
"2001",0.130488919819125
"2002",-0.0108620853220642
"2003",-0.0895174579146377
"2004",-0.13226555927314
"2005",0.0749470697363736
"2006",0.090828310173552
"2007",-0.0926148458610339
"2008",-0.0804006046088725
"2009",-0.0477078198615508
"2010",-0.0486924535401958
"2011",-0.100527897194336
"2012",-0.011053002765843
"2013",0.00667385540922571
"2014",-0.0640610437669585
"2015",-0.0747120878687361
"2016",-0.0279460242586574
"2017",0.0358486431486381
"2018",-0.0535208177646467
"2019",-0.0473590965273858
"2020",0.10101508673007
"2021",-0.0425805388289835
"2022",-0.0837159357472443
"2023",-0.0618540492545606
"2024",0.00491231655076814
"2025",-0.142813485960254
"2026",0.00648019919384805
"2027",0.0187545605126626
"2028",-0.0318824627229995
"2029",-0.0602302116897127
"2030",0.0142520678501591
"2031",0.0101641410116683
"2032",-0.0756319706237703
"2033",-0.0701365907699083
"2034",-0.109486682051067
"2035",-0.0386921148729565
"2036",-0.0566554003588553
"2037",-0.0699516207651338
"2038",-0.0853933846927558
"2039",-0.0346332363086979
"2040",-0.100569634079918
"2041",0.00130581573106617
"2042",-0.01951324413815
"2043",-0.0394592661680622
"2044",-0.0859553549490831
"2045",-0.155064100637782
"2046",-0.121986918811054
"2047",-0.134358806768185
"2048",-0.125944509134049
"2049",-0.0594921773400828
"2050",0.0204109255645267
"2051",-0.0310936964196726
"2052",-0.0779337404494022
"2053",-0.129162343037838
"2054",0.0506815937748021
"2055",-0.0829700099126263
"2056",0.00254157060945536
"2057",0.0207565852927577
"2058",-0.0212194722264342
"2059",-0.012005995058338
"2060",-0.0179051581139249
"2061",-0.0815204799407732
"2062",-0.0757306244999818
"2063",-0.0201444421069668
"2064",-0.111003691414807
"2065",-0.0497910835257167
"2066",-0.115734898586064
"2067",-0.0509073966293562
"2068",0.000498933115516056
"2069",-0.0247072656844288
"2070",-0.00809704600073917
"2071",-0.0331461535875232
"2072",0.0368770316814161
"2073",0.115056254745876
"2074",-0.0501638292575364
"2075",-0.0636157456305315
"2076",0.0141260794510678
"2077",0.0511661905128543
"2078",-0.0473671169178881
"2079",0.0433374770417148
"2080",-0.0766440037969768
"2081",-0.0627315710234884
"2082",-0.102820448292216
"2083",-0.00539439316369706
"2084",-0.0147662959062777
"2085",-0.00388195675063325
"2086",-0.120116471423986
"2087",-0.0219335903349514
"2088",-0.119961060016386
"2089",0.0160621848078074
"2090",-0.103583625535931
"2091",-0.098107077598959
"2092",-0.0339915436657326
"2093",-0.0700789221319744
"2094",0.0469482518731662
"2095",0.0513295760579629
"2096",0.0402536069833396
"2097",0.22454852060047
"2098",0.0739787423148175
"2099",-0.0238106103013714
"2100",-0.100922117217619
"2101",0.147258919503374
"2102",0.15323468004619
"2103",-0.0210272538285811
"2104",0.00614934562732448
"2105",0.0170117585158738
"2106",-0.0756766354171448
"2107",0.109597926128154
"2108",-0.072959210477731
"2109",-0.00307661457716473
"2110",0.109015135067665
"2111",-0.0312706052950508
"2112",0.0797923230084703
"2113",-0.00945066859649183
"2114",-0.0743650263786295
"2115",-0.0674276659068019
"2116",-0.060500905885935
"2117",0.0423549468899605
"2118",0.0127692090468997
"2119",0.0687188313167226
"2120",0.181952942010718
"2121",-0.0132193824960181
"2122",-0.0165241444793104
"2123",0.00716133495041338
"2124",0.0925908460915752
"2125",-0.10485646539663
"2126",0.0820417765477305
"2127",0.16935988833271
"2128",0.0286477700605627
"2129",0.068049823583742
"2130",0.111922161968949
"2131",0.000912227746835424
"2132",-0.0217905059657284
"2133",0.0452127568023162
"2134",0.0121465812301595
"2135",-0.0612296666915044
"2136",-0.119176789621253
"2137",0.148764587491662
"2138",-0.0333588728816175
"2139",-0.0514431455929686
"2140",-0.0930290269285724
"2141",0.0612299335072174
"2142",-0.127385228167295
"2143",-0.0314357428785421
"2144",0.0603039809373706
"2145",0.0587500056624386
"2146",-0.0314757181076081
"2147",0.0264436838925838
"2148",-0.10936194668471
"2149",-0.117089841454625
"2150",0.148484564074874
"2151",-0.0398817119140809
"2152",-0.0328441638570423
"2153",-0.00214836039710034
"2154",-0.0857934607711247
"2155",-0.0484664774583021
"2156",-0.0770897143274378
"2157",0.0291589521923625
"2158",0.0496642319678955
"2159",-0.0415260029305991
"2160",-0.0356243564044834
"2161",0.0812544061590316
"2162",0.0458265240459948
"2163",0.0800742446352511
"2164",0.015611176694921
"2165",-0.0270233892489515
"2166",-0.0388518734113046
"2167",0.0711974600061328
"2168",0.0950153030013542
"2169",0.0925505785284803
"2170",0.0265872616685476
"2171",-0.0537080965228833
"2172",0.0536312182780773
"2173",-0.0621184133289843
"2174",-0.0265165523721698
"2175",-0.0181468492624348
"2176",-0.119106316207997
"2177",0.0961643836659192
"2178",0.0385259460998871
"2179",-0.0398089662934006
"2180",-0.0300181963347173
"2181",0.0261597994792741
"2182",-0.0598623018099011
"2183",-0.0421870257132748
"2184",-0.0121389007985609
"2185",-0.0135575697774876
"2186",0.0348156851081838
"2187",0.0153912365469318
"2188",-0.0886127397809263
"2189",0.063418755389131
"2190",-0.0975327773353894
"2191",-0.102727259792958
"2192",-0.195401656237844
"2193",-0.0868628410929732
"2194",0.0913980704140042
"2195",-0.0993525466086778
"2196",-0.0920985323770615
"2197",0.0175246843768226
"2198",-0.038445910719966
"2199",-0.0172761325973208
"2200",-0.0672776712201093
"2201",-0.0915531233868363
"2202",-0.0533928455049804
"2203",-0.0184538590149631
"2204",-0.0110293555061246
"2205",0.0100665926352228
"2206",-0.0108923339309112
"2207",-0.114952057086608
"2208",0.0948742971438781
"2209",-0.0403922938142198
"2210",-0.0404588620946446
"2211",-0.087898283612759
"2212",0.0169359691962694
"2213",0.0433540972260878
"2214",0.000799015506092195
"2215",-0.0517309740164231
"2216",-0.0848791244881047
"2217",-0.0855850971985261
"2218",-0.0940632381801874
"2219",-0.0735405218495881
"2220",0.112547104396083
"2221",-0.110688775870067
"2222",-0.0864762233486387
"2223",-0.0152280350311532
"2224",0.0740221037180008
"2225",-0.0402174408339504
"2226",-0.0970339709946959
"2227",0.0177796817976507
"2228",-0.0933239380073217
"2229",-0.0145921980251296
"2230",-0.140798402349007
"2231",-0.0194109480004143
"2232",0.0102663726434384
"2233",-0.176970356608234
"2234",-0.0674007645670305
"2235",0.0229274262911346
"2236",0.156348717770139
"2237",-0.0248718141076759
"2238",0.0158136443572451
"2239",0.0526403442443028
"2240",-0.0468605214303705
"2241",-0.0116378861843496
"2242",-0.0665221356310055
"2243",-0.0479923759379419
"2244",0.0115428688393591
"2245",0.101633616062742
"2246",0.0626671557160778
"2247",-0.0520208823862579
"2248",0.0172972264139226
"2249",0.111607185896492
"2250",-0.067023665807586
"2251",0.247033075561847
"2252",-0.093430593377205
"2253",0.0901653692112882
"2254",-0.0197008254375164
"2255",-0.0230968594375164
"2256",0.0209602397765299
"2257",0.000661026276321635
"2258",-0.0406389194707421
"2259",0.0411010493243112
"2260",0.113436411438202
"2261",0.0711585575223875
"2262",0.19210222595679
"2263",-0.0514415727565327
"2264",-0.0613975350236499
"2265",-0.0847036681045893
"2266",0.204122963103247
"2267",0.014350431622381
"2268",-0.029339688856328
"2269",0.0159469337146724
"2270",0.0738847308038681
"2271",0.0318972086978202
"2272",0.156464480710294
"2273",0.0484228458163938
"2274",0.0126642897690576
"2275",-0.0621499670022015
"2276",0.0386951473026055
"2277",0.079098653138903
"2278",0.0101702031741757
"2279",0.12308580507181
"2280",-0.0998274410243413
"2281",0.0261944893717309
"2282",0.208879338280011
"2283",0.0320094244719445
"2284",-0.0816204744752585
"2285",0.0235169091331255
"2286",-0.0299484854098091
"2287",-0.0105944413840504
"2288",-0.112573412820686
"2289",0.0284732304016838
"2290",-0.0850303332830038
"2291",0.0223746293928858
"2292",-0.0338180316128221
"2293",-0.00930004868595686
"2294",-0.0693347419971132
"2295",-0.0116000682767106
"2296",-0.0695085466901111
"2297",-0.00253361664569693
"2298",0.0181712696480886
"2299",0.159132970545486
"2300",-0.0996705916721419
"2301",0.0559176952290678
"2302",0.0885802634083457
"2303",0.0241761923109078
"2304",0.0152912247401651
"2305",0.0371320118651971
"2306",0.156854952752659
"2307",0.0684769435711556
"2308",0.168456387853565
"2309",-0.128141540368534
"2310",-0.0424537918416893
"2311",0.092668343143969
"2312",-0.0936496747534303
"2313",0.0437270011624304
"2314",0.147217959538474
"2315",0.119358113805028
"2316",0.0827296916312545
"2317",0.0457212062032289
"2318",-0.00837279261381312
"2319",0.0777731110348103
"2320",0.0272145544950574
"2321",0.0319610980204197
"2322",0.0279705539768576
"2323",-0.1052363803948
"2324",0.0215027674821994
"2325",0.126221973784179
"2326",0.057841657736399
"2327",0.00763858663191354
"2328",0.0562428723144435
"2329",0.0667143061553214
"2330",-0.102569519734337
"2331",0.0110087773288803
"2332",0.0318047597449486
"2333",-0.148024746119183
"2334",0.0159148878397289
"2335",0.0243637966716024
"2336",0.113071286050582
"2337",0.0438674074718446
"2338",-0.0460558413295867
"2339",-0.0993609727058769
"2340",-0.0633667495388731
"2341",-0.102623735549596
"2342",0.00828181263993781
"2343",-0.191987118955005
"2344",0.117005267162743
"2345",0.0843807809149095
"2346",-0.0283604463688038
"2347",-0.106529885490118
"2348",-0.0518984335691493
"2349",0.0653909179710333
"2350",0.0936169197057675
"2351",-0.0156825536259909
"2352",0.034457586562275
"2353",-0.0242591288659027
"2354",-0.0345140201118274
"2355",0.125638942824267
"2356",0.00574838013328855
"2357",-0.0112521546628381
"2358",0.103694403133506
"2359",0.0944575497135103
"2360",0.0283503356186867
"2361",-0.0755363235530867
"2362",-0.0100554174444987
"2363",0.0264171825780156
"2364",0.0623740307773516
"2365",0.141001703339597
"2366",0.0655480380522304
"2367",0.0251605977189908
"2368",-0.070825975152887
"2369",-0.0194098494280187
"2370",-0.0502098292364114
"2371",0.0693459313763796
"2372",0.0592796472093147
"2373",0.065677922547918
"2374",0.159398549047586
"2375",0.0655842830852786
"2376",-0.0858183876532053
"2377",0.118530197922312
"2378",0.014165606177273
"2379",0.0400172825762066
"2380",-0.0840137931925668
"2381",0.0572400892393396
"2382",0.0772976660645259
"2383",0.049283051566728
"2384",0.0360591905385173
"2385",0.0240976892298389
"2386",0.00779997839087233
"2387",0.0215909280961932
"2388",0.00797994778392502
"2389",-0.0375578336120642
"2390",-0.0792370498162167
"2391",0.0990239291726716
"2392",-0.0239992597272817
"2393",-0.0533863254221492
"2394",-0.0365516751460481
"2395",0.0742033067079866
"2396",-0.0622063242823599
"2397",-0.0612247254087297
"2398",0.000649141380208182
"2399",-0.0699373612514634
"2400",-0.157068618778504
"2401",0.0825786893049111
"2402",-0.0522057145796843
"2403",0.0453268916354859
"2404",-0.0445271443191285
"2405",-0.0347658057227949
"2406",0.063102149295442
"2407",-0.0172720600131277
"2408",0.0543574126102935
"2409",0.0534822393637822
"2410",0.00138554891840243
"2411",0.111811013327891
"2412",0.0153268226081679
"2413",0.0675376424480268
"2414",0.166211148490564
"2415",0.0579426016822381
"2416",-0.0225500946780302
"2417",0.122744488323496
"2418",0.0469338274891749
"2419",0.00517639054449831
"2420",0.0873151125692681
"2421",-0.0198391635255431
"2422",0.044026278968597
"2423",-0.0799008826926213
"2424",-0.0286653814077587
"2425",0.0370377379982828
"2426",0.0403424460964823
"2427",0.0862864178470103
"2428",0.0153233467701594
"2429",-0.0525072195294875
"2430",-0.0313982109691878
"2431",-0.00156667917753042
"2432",-0.0587654549118308
"2433",-0.0537258690606342
"2434",0.0364753089878483
"2435",0.0570069774386035
"2436",-0.00451287295983776
"2437",0.0434316206652467
"2438",-0.168232446592708
"2439",-0.037420749871843
"2440",-0.0963619675163769
"2441",-0.1495259957018
"2442",0.0530028543236234
"2443",-0.108152730884456
"2444",-0.0377852045478241
"2445",-0.0626916926066014
"2446",-0.0470285899368925
"2447",-0.0301124158017758
"2448",-0.0675998200392194
"2449",-0.0688567101089658
"2450",0.0218055650021754
"2451",-0.112729410862024
"2452",-0.0587373870396299
"2453",-0.0541697918991779
"2454",-0.0355117166279616
"2455",-0.0302521550155096
"2456",0.0078853150704517
"2457",-0.0228736831968694
"2458",0.040453914609395
"2459",0.0675033075646448
"2460",-0.0276963835515021
"2461",-0.0256569325115693
"2462",-0.0430087550536408
"2463",0.0369049369267975
"2464",-0.0220277397294196
"2465",0.014238619541671
"2466",0.0384765088739748
"2467",0.0593274131538132
"2468",0.132506693153087
"2469",-0.185813551835459
"2470",-0.0544955218696747
"2471",-0.0202028471645588
"2472",0.0445821539327144
"2473",-0.0162955082049656
"2474",0.0138471369040434
"2475",-0.00971254025336346
"2476",0.0860921889571392
"2477",0.0122945834391463
"2478",-0.0309634930271032
"2479",0.0866420043164062
"2480",0.0172443284189535
"2481",-0.0384298315195725
"2482",-0.152036352086602
"2483",0.0474293423281344
"2484",0.0381002041438792
"2485",-0.0332597511590511
"2486",-0.0331337969632195
"2487",-0.0177994897028916
"2488",0.0258124083878772
"2489",-0.0123478628151581
"2490",-0.0136147409274057
"2491",-0.0755823035867148
"2492",0.0118049079821075
"2493",0.0326146101333426
"2494",0.0306748745240437
"2495",-0.0129319768449213
"2496",0.0658314124518849
"2497",-0.0734114636233824
"2498",0.00422937899073059
"2499",-0.0920976548678394
"2500",0.0162934463594494
"2501",0.0982275404045704
"2502",-0.0175186795651738
"2503",-0.0550711902808659
"2504",0.0226275555647719
"2505",0.0133313579525192
"2506",0.0235251205101489
"2507",-0.0942046408084968
"2508",-0.0975415163611725
"2509",-0.145705098895046
"2510",-0.0525275525994782
"2511",-0.066973082735775
"2512",0.0360393292833445
"2513",-0.139640723635359
"2514",-0.0783121502955812
"2515",0.0137794857648295
"2516",0.0158209670306432
"2517",-0.163806369988097
"2518",-0.0136842335287306
"2519",0.0632485962482036
"2520",-0.0975575136213212
"2521",0.0246041942693137
"2522",-0.135344016120293
"2523",-0.105938476256511
"2524",-0.0328472326243164
"2525",-0.0109344120994094
"2526",0.0400441268828239
"2527",-0.0361561521315203
"2528",0.053283066316339
"2529",0.0562781211573624
"2530",-0.0174015400143145
"2531",-0.02998981160542
"2532",-0.0438921043764911
"2533",0.0197873509076383
"2534",0.0411601043060171
"2535",-0.0569695172475315
"2536",-0.0170942620913393
"2537",-0.0263193255519531
"2538",0.0321311699897493
"2539",-0.0971746133844307
"2540",0.108219234184091
"2541",0.00615414071887713
"2542",0.0171466864190663
"2543",0.00184847702024418
"2544",-0.113609616269727
"2545",0.0182330279853084
"2546",-0.0638892925772219
"2547",0.0648102278346606
"2548",0.0151170805712735
"2549",0.0318279624593263
"2550",0.0161509900860228
"2551",0.0488798196719974
"2552",-0.0407521912081525
"2553",-0.059322587852363
"2554",-0.10471529105205
"2555",0.00919936766782904
"2556",0.0267703688871476
"2557",0.0292331009040554
"2558",-0.0730978280600458
"2559",-0.0106164316348484
"2560",0.0551084622865748
"2561",-0.119037845943999
"2562",-0.00967829011674296
"2563",-0.0390193593378734
"2564",-0.0917607202479723
"2565",0.0344426987350628
"2566",0.0974147750755276
"2567",0.0411766558807853
"2568",-0.00259747208043095
"2569",0.0590962317156845
"2570",0.014295057744701
"2571",-0.0338804759070568
"2572",-0.0176204923004417
"2573",-0.0320316323410286
"2574",-0.0712045589865364
"2575",-0.065672242187599
"2576",-0.0756743749137801
"2577",0.0213442957542897
"2578",-0.0801511055321485
"2579",-0.0508937438074973
"2580",-0.0441411852321794
"2581",0.0315449903412399
"2582",0.0362663676926541
"2583",0.0132823509516503
"2584",-0.0141557861105511
"2585",0.0634300883874685
"2586",-0.135953856190001
"2587",-0.0899112476575264
"2588",0.0652858273427542
"2589",-0.108848452880783
"2590",-0.0187907231347622
"2591",-0.0612201705250077
"2592",0.0216549011506576
"2593",-0.0576846262746284
"2594",0.00397660762099966
"2595",0.0534471679013954
"2596",0.0171495654092915
"2597",-0.0492723101260972
"2598",-0.0223655259937942
"2599",-0.00840301962965375
"2600",-0.0236074148775222
"2601",-0.0595362928796786
"2602",-0.0652582332372174
"2603",0.0958174268024455
"2604",0.0745742330696673
"2605",-0.018567315283442
"2606",0.0138797307649076
"2607",-0.0734377897448485
"2608",-0.00885053986060329
"2609",0.0141960391082348
"2610",-0.0069664904469028
"2611",-0.0430524939208803
"2612",-0.0487935108144761
"2613",-0.104858297739901
"2614",0.00276033712468486
"2615",-0.0958155901213267
"2616",-0.0929429633377335
"2617",0.00903432919617493
"2618",-0.0574313779764319
"2619",-0.0930377988100863
"2620",-0.0567356796195283
"2621",0.0586474554150475
"2622",0.00693009104024434
"2623",0.0429631924299177
"2624",0.0752975184930307
"2625",0.0787876356099655
"2626",-0.0247075643906542
"2627",0.0745691520539953
"2628",0.0617053515045387
"2629",0.0406303620508123
"2630",-0.0935949983264096
"2631",-0.0351674770816844
"2632",0.0081682244016144
"2633",0.00310809425556558
"2634",0.0630279271009702
"2635",-0.0208166709095757
"2636",-0.0213076106705089
"2637",0.0168339820017012
"2638",-0.0621851456297311
"2639",-0.0547055850030628
"2640",0.0413144067818336
"2641",-0.107102709123263
"2642",0.0424325345842557
"2643",0.0108019774828002
"2644",-0.0608699171675334
"2645",0.0350960119708466
"2646",0.0764982034690419
"2647",-0.0860109086684288
"2648",0.0490093868793252
"2649",-0.0367406115279714
"2650",0.0154504671344043
"2651",0.0373178492659796
"2652",-0.0596041131813834
"2653",-0.0209517562769767
"2654",0.0647972018075905
"2655",-0.0135424008762492
"2656",-0.112030632383138
"2657",-0.0202606038642109
"2658",0.0569225661053413
"2659",-0.059019597360621
"2660",0.0607259108783569
"2661",0.00650732887452746
"2662",0.00954564086507507
"2663",0.0306456393661758
"2664",-0.0394181814913302
"2665",0.0764005370489276
"2666",-0.0532936045443371
"2667",-0.0102932841825445
"2668",-0.0425696794612732
"2669",0.0273916675661578
"2670",0.0972680323242995
"2671",0.0324731426006512
"2672",0.239946631678081
"2673",-0.0995234466938024
"2674",-0.025680149271936
"2675",-0.0604421584268799
"2676",0.191896257683387
"2677",0.00923406105893124
"2678",0.10743058435227
"2679",0.0825045095955451
"2680",0.00863088413924882
"2681",-0.0618086274037463
"2682",-0.0154087254540911
"2683",-0.0667529983835065
"2684",-0.0375750406368782
"2685",-0.0352467625520008
"2686",0.104704855160367
"2687",0.111028968569505
"2688",0.0686116971609943
"2689",-0.023239233736188
"2690",0.088525422112007
"2691",-0.139209445361142
"2692",-0.102877450554866
"2693",-0.0488506575454109
"2694",-0.00289547571151997
"2695",-0.133121312956184
"2696",0.0516901355122252
"2697",0.00735958479631609
"2698",0.0157500417368798
"2699",0.0496472767312611
"2700",0.0464197746824609
"2701",-0.143604234123028
"2702",-0.0410733002777873
"2703",0.100780949631848
"2704",0.138332037849536
"2705",-0.0997116316914025
"2706",-0.0377867815940745
"2707",-0.0370400554271858
"2708",0.106697130745961
"2709",0.0919609817596948
"2710",0.0752062248903192
"2711",0.207247188504292
"2712",-0.0952478730206689
"2713",0.0476610203966054
"2714",0.0256018451824918
"2715",-0.0843740227760623
"2716",-0.0867549994296345
"2717",-0.00586024090472633
"2718",0.101859089604193
"2719",-0.0658183836533174
"2720",0.0486982738427992
"2721",-0.0925588372673076
"2722",0.11294382696783
"2723",0.00668950009872536
"2724",-0.0151268514945128
"2725",0.0150687482414636
"2726",0.0708324517497109
"2727",0.0899322644009156
"2728",0.15122122239819
"2729",-0.048077788767198
"2730",-0.107573046383886
"2731",0.100511772250035
"2732",0.199794067903324
"2733",-0.0315179803783909
"2734",0.0125404793608633
"2735",0.0186091186644847
"2736",0.131648488426529
"2737",0.0599263025568065
"2738",-0.077480083637715
"2739",-0.0532909590722399
"2740",0.0652665198786204
"2741",-0.0188812579593697
"2742",0.0478396299994834
"2743",0.138746354495829
"2744",-0.0188476054343053
"2745",0.106012502218327
"2746",0.0204269439404035
"2747",-0.00417866287861777
"2748",0.0260223595778413
"2749",-0.0827459810605797
"2750",-0.0142224529984036
"2751",-0.0716912487047037
"2752",0.101705482746774
"2753",0.145697967326036
"2754",-0.0154062766249299
"2755",-0.00948664856212413
"2756",-0.0386345828809294
"2757",0.00841253875964365
"2758",0.0137726115617262
"2759",-0.035310516137353
"2760",0.0126741445476537
"2761",-0.0346889140860114
"2762",0.0861263154619666
"2763",-0.00914343321158534
"2764",0.0356145398956691
"2765",-0.0784614844908402
"2766",-0.0249889616301809
"2767",0.0278935699021257
"2768",-0.119541673523586
"2769",0.132029073405452
"2770",-0.0374675355354501
"2771",-0.0319788960657546
"2772",0.0824049646369567
"2773",0.17392506098722
"2774",-0.0329481922087663
"2775",0.0380451121207099
"2776",0.0745349681369861
"2777",0.0437046748099849
"2778",0.0177758881544955
"2779",0.118691133695309
"2780",0.0385350914537656
"2781",0.0261721205534291
"2782",0.156989840435697
"2783",-0.0944893373533742
"2784",-0.0104502744891404
"2785",-0.0424234248807432
"2786",0.0526351323307302
"2787",-0.0600042059665298
"2788",-0.0483870124922476
"2789",-0.00567316021671881
"2790",0.00536547237602775
"2791",-0.0545511798379399
"2792",-0.00718864873235006
"2793",0.0635696852731232
"2794",-0.0423981513739252
"2795",0.086290326517733
"2796",0.150846747782568
"2797",-0.104871374166548
"2798",-0.0377201400610844
"2799",-0.0351049722788041
"2800",-0.0187323913106159
"2801",-0.0322599172836525
"2802",0.113490829526117
"2803",0.125861329124187
"2804",-0.0793488991206335
"2805",-0.0575562278568893
"2806",0.024944492300261
"2807",0.0613181841969716
"2808",0.0442039496013733
"2809",-0.0489580073817601
"2810",0.0460095980094855
"2811",0.0278911313763399
"2812",0.0300458565122746
"2813",-0.0625528604950637
"2814",0.0456194225328577
"2815",0.0958125266877528
"2816",-0.0266885857500809
"2817",0.0581530267294239
"2818",0.0346042822952563
"2819",0.0940342271191585
"2820",-0.0325167727725195
"2821",0.0317743794350903
"2822",0.0214162113996562
"2823",-0.028387694270894
"2824",0.0103426651535353
"2825",0.0633374100069921
"2826",0.0856652614501779
"2827",-0.0422649252054523
"2828",-0.0703993078361244
"2829",0.0358633278700984
"2830",0.0233139443587189
"2831",-0.0122468368061369
"2832",-0.0036876319962108
"2833",0.112525413718912
"2834",0.120424645368111
"2835",0.0836020503240203
"2836",0.0716306289463821
"2837",0.0111364054140025
"2838",0.0113005258060865
"2839",-0.00698500324723738
"2840",0.0423961658991675
"2841",0.0352128581732527
"2842",-0.0648479787463063
"2843",0.0281112922004319
"2844",0.184038971271285
"2845",0.106441301754874
"2846",0.0606376629892317
"2847",0.0376240513930147
"2848",0.0235698415653464
"2849",-0.0449721073031239
"2850",-0.0284021494014995
"2851",0.070745622171446
"2852",-0.0824840910157442
"2853",-0.0208527954179908
"2854",0.16246475614659
"2855",-0.0346838269714472
"2856",0.018777406748864
"2857",-0.0177726685331805
"2858",0.168764292379646
"2859",0.041978666301846
"2860",-0.0681304930778694
"2861",-0.0513781691547318
"2862",-0.0695519050344693
"2863",-0.0402098722189219
"2864",0.00436588622412434
"2865",0.0736487092427682
"2866",-0.0437286722742575
"2867",0.00946563739977382
"2868",0.0355924742287025
"2869",-0.0154414241789639
"2870",-0.0148267844301938
"2871",0.242018418892567
"2872",0.125164740493072
"2873",0.0686912970462815
"2874",-0.0154235484899264
"2875",0.0764876259896391
"2876",-0.0934668699367349
"2877",-0.0144360041052822
"2878",-0.0564346051932525
"2879",-0.0120058453204477
"2880",0.0153503407368275
"2881",0.064225804987832
"2882",-0.10897072287505
"2883",-0.0662551276455242
"2884",-0.0343109255464899
"2885",-0.00282931677991918
"2886",0.121808350961903
"2887",0.0880840064163854
"2888",-0.0281881865887111
"2889",-0.00992989769744312
"2890",-0.0123623041989928
"2891",0.0754864589753213
"2892",0.0479290295273715
"2893",0.148149483026159
"2894",0.0124826992105166
"2895",-0.103732651498649
"2896",-0.0937777521984219
"2897",-0.0942846283877155
"2898",-0.0157327067441789
"2899",-0.06710975287033
"2900",-0.13254329278869
"2901",-0.0902560051554979
"2902",-0.0950999496944486
"2903",-0.0218402881096568
"2904",-0.139207265477668
"2905",-0.0122481457941305
"2906",-0.110759786629616
"2907",-0.165048744233488
"2908",-0.0272246055122551
"2909",-0.0366352163621625
"2910",0.0889093830892811
"2911",-0.0513060607394536
"2912",-0.0251006391869833
"2913",-0.135048638161815
"2914",-0.00689156931500664
"2915",-0.107737942057738
"2916",-0.00974845443740193
"2917",-0.155445158395396
"2918",0.0399000270922383
"2919",-0.135083549562801
"2920",-0.0696057238670744
"2921",0.0903775238090356
"2922",-0.0129081889692974
"2923",-0.237201210949957
"2924",0.149150994648692
"2925",-0.0237034796341468
"2926",-0.102359185722073
"2927",-0.0671109486231453
"2928",0.005002816351613
"2929",0.0166328020128202
"2930",0.0536925130819508
"2931",-0.0697901783168609
"2932",-0.181957293287461
"2933",-0.130495380887826
"2934",-0.0722801983849776
"2935",0.0596363589641841
"2936",-0.0682683655372165
"2937",0.0692906805196693
"2938",-0.0310331538550589
"2939",0.135794497994303
"2940",-0.0970007824771358
"2941",-0.106008428633067
"2942",-0.0273536157494576
"2943",-0.0711370990819177
"2944",-0.07843487694226
"2945",-0.0798043293573512
"2946",-0.0129101792039887
"2947",-0.0439679371307372
"2948",0.0365725579629375
"2949",0.0048769497096135
"2950",-0.0318223737805746
"2951",-0.0672365293045779
"2952",-0.08860977859667
"2953",0.205262139386313
"2954",-0.0282202412260083
"2955",0.094285978528465
"2956",-0.0916282495232019
"2957",-0.00311408087042556
"2958",-0.0928509227608928
"2959",-0.00836085119632774
"2960",-0.166203228274681
"2961",0.0141993476188311
"2962",0.0262980730714591
"2963",-0.0528099157115362
"2964",-0.150815934354243
"2965",-0.054637677692251
"2966",-0.268319254105421
"2967",0.0600179177989957
"2968",0.0183195078269515
"2969",-0.148819434281354
"2970",0.187485277119135
"2971",0.0870311500318609
"2972",-0.0640477167954056
"2973",0.0137919767774261
"2974",0.0622164337881322
"2975",0.046571383680292
"2976",0.00157167585876395
"2977",0.0811421917313959
"2978",0.0142507931022766
"2979",-0.00128412469424783
"2980",0.058704642307043
"2981",0.0320939687273045
"2982",-0.00457846238644684
"2983",-0.0142689468629625
"2984",0.080539388877783
"2985",-0.0580249194791943
"2986",-0.0329691171993398
"2987",0.0348133021897643
"2988",0.0789643457146975
"2989",-0.0819594818274045
"2990",-0.0839098471155249
"2991",-0.00372998855709677
"2992",0.117619343531496
"2993",-0.145803437697034
"2994",-0.056724039637604
"2995",0.0236408301790391
"2996",-0.0433144631472398
"2997",-0.0194857592336875
"2998",-0.0269597145188321
"2999",-0.0459288823061332
"3000",-0.158982644618608
"3001",-0.0106656623256516
"3002",-0.086494929736146
"3003",0.0582642091365004
"3004",0.0472568525148195
"3005",0.104551160334309
"3006",0.0336319437929851
"3007",-0.00507906904455636
"3008",-0.110468072260325
"3009",-0.12520985776152
"3010",-0.0359849723149045
"3011",-0.20267508810887
"3012",-0.00558488313666192
"3013",-0.118111777838314
"3014",0.0220823109892714
"3015",-0.105144792103294
"3016",-0.0181510194446648
"3017",0.0508617332766408
"3018",-0.136542856004902
"3019",0.00228264012706052
"3020",-0.059701558510038
"3021",0.146866144508151
"3022",-0.00979492831655701
"3023",0.233331989674727
"3024",-0.00711004953652124
"3025",-0.0802290595451563
"3026",0.00425610573065579
"3027",-0.123239467508862
"3028",-0.0627825898932088
"3029",-0.124784606127502
"3030",0.0421934233361916
"3031",-0.0517097982767338
"3032",-0.0134487606448496
"3033",0.0310128237355842
"3034",0.0730322320032976
"3035",-0.0202015429873769
"3036",-0.0735206515817143
"3037",0.118831491066663
"3038",0.0220261195105746
"3039",0.00550120163542591
"3040",-0.0462164705395671
"3041",0.00724611236481244
"3042",0.0114840538997706
"3043",-0.0666703196169394
"3044",-0.00321891521188393
"3045",-0.0426410515843369
"3046",-0.0753617341568187
"3047",-0.0628399397057868
"3048",0.12632489225534
"3049",0.144317321146263
"3050",0.174579656694875
"3051",-0.00594394783431118
"3052",-0.0134619694274556
"3053",0.0872017352878035
"3054",0.0993028428297798
"3055",-0.00149570743014939
"3056",0.11082410622553
"3057",-0.0645604739594653
"3058",-0.0954825492554637
"3059",0.0899757592547398
"3060",-0.0121358282659903
"3061",-0.0457141015791678
"3062",0.0138353727086137
"3063",0.066645315386198
"3064",-0.0660078010866179
"3065",-0.0103616716180134
"3066",0.0595160765514927
"3067",-0.0861901639258633
"3068",-0.0125720391840575
"3069",0.0220582495483106
"3070",0.0556430804298667
"3071",0.0202834142666744
"3072",-0.0325445406005024
"3073",-0.103111292639401
"3074",-0.0255016695736322
"3075",-0.058493486587395
"3076",0.0905993779948402
"3077",-0.0524709962627528
"3078",-0.050391657091338
"3079",0.0107893402065901
"3080",0.108900422363423
"3081",-0.0274648517835579
"3082",-0.0243047223335105
"3083",0.0751668010504226
"3084",0.0271412634420357
"3085",-0.096780640615786
"3086",-0.0428349541897747
"3087",-0.131697782965104
"3088",-0.0700256046792879
"3089",-0.0940991027469956
"3090",0.0209302431103467
"3091",0.0290438187408148
"3092",0.0604870547857761
"3093",-0.0418030468167179
"3094",-0.0255097351806529
"3095",-0.0368784964284301
"3096",0.0259716747316997
"3097",-0.109089352627776
"3098",-0.0877805345451769
"3099",0.00432959119461605
"3100",-0.0312884577553284
"3101",0.0362276821606762
"3102",-0.149410740101652
"3103",0.0147797357550422
"3104",-0.0493383261297719
"3105",0.00311161687177208
"3106",-0.078715269788527
"3107",0.0450606284513913
"3108",-0.0820474180920284
"3109",-0.0491696022488864
"3110",0.123940147266106
"3111",-0.132898373899724
"3112",-0.00991239652103778
"3113",-0.0107975457903305
"3114",-0.0172514462537126
"3115",0.0130879561981181
"3116",0.0239308995694228
"3117",-0.00376873908479239
"3118",0.0623974503526298
"3119",0.0552410059636399
"3120",0.0611820842656377
"3121",0.0280065549803054
"3122",0.0521627502334404
"3123",-0.0187704779763526
"3124",0.0259482488100576
"3125",-0.0164446713336122
"3126",0.047880796432683
"3127",0.0341497505189648
"3128",0.0152413176718296
"3129",0.107768403650737
"3130",0.0751436074798894
"3131",-0.0111703728570903
"3132",0.0835559367191834
"3133",-0.0065109737711869
"3134",0.045749706012261
"3135",0.0239297125102878
"3136",-0.081852409027657
"3137",0.036475822424522
"3138",-0.0562823025910292
"3139",0.00430160367525535
"3140",0.116254390382642
"3141",0.012130959862268
"3142",-0.181134226531005
"3143",-0.0977135158561518
"3144",-0.145382512869431
"3145",0.0287274377358946
"3146",0.0122944732952386
"3147",-0.0606994649017484
"3148",-0.124727434365346
"3149",0.0251466375037588
"3150",-0.0641441713000052
"3151",-0.0701607233000053
"3152",0.133062694503759
"3153",-0.0930500279015081
"3154",-0.103203728504586
"3155",-0.144771682384012
"3156",-0.11832273838988
"3157",-0.111734391661415
"3158",0.00648933560015675
"3159",-0.0984458289002606
"3160",-0.0210315061244729
"3161",-0.140460407776813
"3162",-0.155818575290388
"3163",-0.0834994613960186
"3164",-0.0530511732439778
"3165",-0.0760333674844413
"3166",-0.107546787134276
"3167",0.101992791206535
"3168",-0.00691386987729444
"3169",-0.10589381552425
"3170",-0.0488111345129978
"3171",0.0835805646076243
"3172",-0.0498140715290024
"3173",-0.132440729134925
"3174",-0.0248073385373747
"3175",0.0290853407241434
"3176",-0.111156692009891
"3177",-0.0825614264814397
"3178",0.0143683611120046
"3179",-0.0304983820695528
"3180",0.16238737050448
"3181",0.103494545015957
"3182",0.111197146977414
"3183",0.174291320782884
"3184",0.124278115851589
"3185",0.130897022385141
"3186",0.147597635356554
"3187",-0.0230072236571375
"3188",0.0186047206743932
"3189",0.0482838766502246
"3190",0.0231593234057131
"3191",-0.0406398598012642
"3192",-0.0658346247481919
"3193",0.00782904158468407
